address,industry,lat,lng,name,phone,place_id,rating,review_count,website
"1411A Northshore Woods Dr, Knoxville, TN 37919, USA",apartments,35.9084207,-84.0111392,Northshore Woods Apartments,(865) 691-7700,ChIJUYzEpWQjXIgR-SV2I9LzR_k,4.1,61,http://www.smdproperty.com/resident-properties/northshore-woods-apartments/
"6315 Kingston Pike, Knoxville, TN 37919, USA",apartments,35.9338302,-84.0074623,Kingston Pointe Apartment Homes,(865) 584-5921,ChIJ4wUl1FEjXIgREM9hNWoOXR4,4.2,79,http://www.kingstonpointeknoxville.com/
"5709 Lyons View Pike, Knoxville, TN 37919, USA",apartments,35.929327,-83.995783,Westcliff Condominiums,(865) 588-9808,ChIJRc7N5DcjXIgRjLDMPtRQPT8,4,40,https://westcliffcondo.com/
"3708 Keowee Ave SW A, Knoxville, TN 37919, USA",apartments,35.931757,-83.96437019999999,Sequoyah Village Apartments,(865) 523-1617,ChIJvxyICtIiXIgRbtFSXwttZvI,3.9,7,http://www.sequoyahvillage.com/
"1400 Kenesaw Ave # 100, Knoxville, TN 37919, USA",apartments,35.9330073,-83.9627813,Hamilton House Condominiums,(865) 523-3741,ChIJayBb-80iXIgR53qOc8qZ5Gg,4.2,19,
"6017 Grace Ln, Knoxville, TN 37919, USA",apartments,35.9273013,-83.9986729,Bell View at Northshore,(865) 988-4554,ChIJaRs-1agjXIgRhTSu7e20jDs,5,2,http://www.dkmanagement.net/
"6305 Kingston Pike, Knoxville, TN 37919, USA",apartments,35.9325473,-84.0064611,Dominion,(865) 225-6506,ChIJXQFEiSo9XIgR5NKyVmHS5b8,2.7,47,https://www.dominion.us/
"4155 Henry Knox Way, Knoxville, TN 37920, USA",apartments,35.9292575,-83.9293422,Redpoint Knoxville,(731) 200-1243,ChIJxa1Yq189XIgRYSLU7UI8r8Y,4.3,89,https://redpoint-knoxville.com/
"3805 Cherokee Woods Way, Knoxville, TN 37920, USA",apartments,35.9350713,-83.9291021,Woodlands of Knoxville,(865) 609-4034,ChIJISR90AEYXIgRwCJR6zkDh0k,3.7,143,http://www.woodlandsofknoxville.com/
"4530 Joe Lewis Rd, Knoxville, TN 37920, USA",apartments,35.9217703,-83.9217793,Montgomery Village,(865) 403-1380,ChIJE8umNhAYXIgRmURmkiAP-OA,3,211,https://www.kcdc.org/housing/montgomery-village/
"2371 Cherokee Rdg Wy, Knoxville, TN 37920, USA",apartments,35.9344566,-83.9357678,Knox Ridge,(844) 454-8244,ChIJX-Q8easiXIgReebgseIi8ok,3.5,264,https://www.knoxridge.com/?utm_source=GoogleMyBusiness&utm_medium=organic&utm_campaign=GMB
"3125 Maloney Rd, Knoxville, TN 37920, USA",apartments,35.9060658,-83.9507919,Lakemoor Station Apartments,,ChIJ1Y5obhQjXIgRpbhnxgHtvGI,4.5,6,https://housing.utk.edu/halls/lakemoor-station/
"3999 Highland Crest Way, Knoxville, TN 37920, USA",apartments,35.9324038,-83.931822,Quarry Trail Student Apartments,(865) 346-3063,ChIJz7jjCaoiXIgRr2D5dmbIjlo,3.7,544,https://www.quarrytrail.com/?y_source=1_MTU3ODk5ODAtNzE1LWxvY2F0aW9uLndlYnNpdGU%3D
"1411 Kenesaw Ave, Knoxville, TN 37919, USA",apartments,35.9331799,-83.9638315,Sequoyah Village,,ChIJWw8wAwAjXIgRQyrTp7wA05w,,,
"1410 Sandstone Loop Way, Knoxville, TN 37920, USA",apartments,35.9335404,-83.9329825,Quarry Trail Building 7,,ChIJW7qIRmcjXIgRJp33IuT19w0,,,
"1160 Keowee Ave SW, Knoxville, TN 37919, USA",apartments,35.9343661,-83.9617667,Kenwood Apartments,(865) 219-9000,ChIJfYSZpM0iXIgRFuMJ2r_LVrA,,,
"1320 Apple Blossom Way, Knoxville, TN 37920, USA",apartments,35.9358424,-83.932344,Orchard At Knoxville Owners,(865) 577-7548,ChIJ4wJi6qoiXIgRl9gBo-DR5XA,,,
"4030 Highland Crest Way, Knoxville, TN 37920, USA",apartments,35.9312485,-83.9315017,Quarry Trail Building 15,,ChIJmcCb58IZXIgRiiY6Y7HYSLs,,,
"5022 Chapman Hwy, Knoxville, TN 37920, USA",apartments,35.9288764,-83.8935997,Stonewall Lofts,(865) 577-8208,ChIJJRgZHCwYXIgRoK7YOF7QUVs,3.5,62,http://www.lhp.net/
"111 E Young High Pike, Knoxville, TN 37920, USA",apartments,35.93520360000001,-83.90488429999999,Young High Flats,(865) 345-5522,ChIJTUoGG_AZXIgRdDpmPzlz0GA,3.6,20,https://www.younghighflats.com/
"206 Gayview Dr, Knoxville, TN 37920, USA",apartments,35.929165,-83.903736,Cedar Village Apartments,(865) 573-5775,ChIJ_TdsLyQYXIgRCiZg8TT6arc,2.7,17,
"201 Overbrook Dr, Knoxville, TN 37920, USA",apartments,35.9297957,-83.9034784,Hickory Hill Apartments,(865) 584-5796,ChIJj6hShiYYXIgRsscuVy-lUPc,4.1,9,http://randpropertymanagement.com/
"290 Quaker Way, Knoxville, TN 37920, USA",apartments,35.9085543,-83.8527393,White Oak Crossing,(865) 244-6348,ChIJFTe_xq0ZXIgRtNIOS0QI3Gw,2.9,15,http://www.wodagroup.com/whiteoakcrossing
"6033 Sunbeam Ln SE, Knoxville, TN 37920, USA",apartments,35.9298288,-83.8712967,Cedar Ridge Apartments,(865) 573-9117,ChIJJQ7LZ94ZXIgRffpQipRYG8U,2.2,25,https://www.cedarridgeknoxville.com/
"415 Prestwick Ridge Way, Knoxville, TN 37919, USA",apartments,35.9517639,-83.9744503,Mountain Brook Knoxville,(865) 524-5200,ChIJZR2liCc9XIgRJ7avgWGie_w,3.8,59,https://www.mountainbrookknoxville.com/
"414 N Forest Park Blvd, Knoxville, TN 37919, USA",apartments,35.943559,-83.9840574,Goldelm at 414 Flats,(865) 272-2556,ChIJE5gIF9I8XIgRK8bjrzkYe6A,3.9,153,https://www.414flatsapartments.com/?utm_knock=g
"102 Brentway Cir, Knoxville, TN 37909, USA",apartments,35.9522134,-83.9947585,Ivy at West Hills,(865) 240-4431,ChIJqWyGwMc8XIgR6-HPn3S12WU,3.4,134,https://www.liveivyknoxville.com/?switch_cls%5Bid%5D=65010
"820 Londontown Way, Knoxville, TN 37909, USA",apartments,35.9395127,-84.0117262,Villas at Londontown,(865) 584-0771,ChIJn0uLplQjXIgRGKLcY61_Wec,4.1,53,https://aorealtycorp.com/detail/819-londontown-way-knoxville-TN-37909/836
"4831 Summit Cir, Knoxville, TN 37919, USA",apartments,35.9479552,-83.98719849999999,The Abigail,(865) 328-7018,ChIJ264lu888XIgRs5CxLNqS8vE,3.2,162,https://www.theabigailapts.com/
"820 Londontown Way, Knoxville, TN 37909, USA",apartments,35.9392214,-84.01178490000001,Londontown Apartments,(865) 584-0771,ChIJPZbQpVQjXIgRSpMjSS4ceEQ,3.8,45,https://aorealtycorp.com/
"1505 Greenbrier Ridge Way, Knoxville, TN 37909, USA",apartments,35.9578712,-83.97716179999999,The Collective at Sutherland,(865) 459-0047,ChIJVRgLZ948XIgRM3MNdc3xA7Q,3.8,176,http://www.collectiveknoxville.com/
"800 Longview Rd, Knoxville, TN 37919, USA",apartments,35.9482969,-83.985383,Crestridge Apartments,(888) 572-8391,ChIJ7TOW3s88XIgRP088PRM68u8,4.1,73,https://www.crestridgeapts.com//?utm_source=GMB&utm_medium=organic
"525 Renford Rd a416, Knoxville, TN 37919, USA",apartments,35.9460443,-83.9831344,Cagle Terrace,(865) 403-1310,ChIJQbmrDNE8XIgRAxR3-no9_z8,3.6,49,https://www.kcdc.org/housing/cagle-terrace/
"909 Hollywood Rd, Knoxville, TN 37919, USA",apartments,35.9495396,-83.98204000000001,The Flats at Pond Gap,(865) 212-0012,ChIJUXeWeqw9XIgRi1thJbiGjms,3.9,27,https://www.flatsatpondgap.com/
"1000 Country Oak Cir, Knoxville, TN 37909, USA",apartments,35.951882,-83.988096,Addison at Sutherland,(844) 638-4943,ChIJ12MJpcU8XIgRJyMewsh2WXA,3.2,248,https://www.steadfastmanagement.com/apartments/tn/knoxville/addison-at-sutherland/?rcstdid=Mg%3D%3D-YRjTEizZPgM%3D&utm_source=GMB&utm_medium=organic
"501-A Longview Rd, Knoxville, TN 37919, USA",apartments,35.9447114,-83.9840505,Emerson,(865) 268-8230,ChIJyYzP8NE8XIgRLA-vDfrPbG8,2.7,123,http://www.movetoknoxvilletn.com/
"4201 Crosby Dr, Knoxville, TN 37909, USA",apartments,35.9558844,-83.9783739,Carlton Square Apartments,(865) 584-6651,ChIJG6bf6d48XIgRlZ0PX7W6xFU,4.4,13,https://www.carltonsquareapartments.com/
"1101 Sutters Mill Ln, Knoxville, TN 37909, USA",apartments,35.9394694,-84.015784,Sutters Mill,(865) 584-0283,ChIJ8X6hW1UjXIgRq8yQMGroRbs,4.2,31,http://suttersmillknoxville.com/
"1036 Dunhill Way, Knoxville, TN 37919, USA",apartments,35.95368089999999,-83.97415749999999,Dunhill Flats,(865) 419-4308,ChIJXdPCdkM9XIgROyoB7JYbhO4,4.9,52,https://www.dunhillapts.com/
"1537 A Coleman Rd, Knoxville, TN 37909, USA",apartments,35.9496225,-83.9946667,West Towne Manor Apartments,(865) 584-6271,ChIJj4jSz8c8XIgRd4PIhHeeVNY,3.7,27,https://www.smdproperty.com/resident-properties/west-towne-manor/
"2240 Sutherland Ave # 103, Knoxville, TN 37919, USA",apartments,35.9570334,-83.95240960000001,Sutherland Lofts,(865) 789-7786,ChIJZ0EvsgY9XIgRO1nbxyVOwps,4.5,2,http://sutherlandlofts.com/
"4619 Sunflower Rd, Knoxville, TN 37909, USA",apartments,35.9582124,-83.9911412,The Hammond Apartments,(865) 584-5796,ChIJCYRsNwzFJRUR8VarbxE8xC4,2.5,229,http://www.randpropertymanagement.com/
"410 Harry St, Knoxville, TN 37919, USA",apartments,35.9518724,-83.96541719999999,Sutherland Square Apartments,(865) 544-1445,ChIJp_e45iQ9XIgR52O29lpzdMM,3,9,https://www.ehmgmt.com/sutherland-square-knoxville-tn-1
"400 Sutherland, Cove View Way, Knoxville, TN 37919, USA",apartments,35.95034589999999,-83.9721118,Rand Townhomes,(865) 584-5796,ChIJhfq2tic9XIgRW5atXryItfo,3.5,11,http://www.randpropertymanagement.com/
"6514 Deane Hill Dr, Knoxville, TN 37919, USA",apartments,35.9287915,-84.0120543,"J A Murphy Group, LLC",(865) 558-0577,ChIJq0uN-lkjXIgRoP6gMOv5thI,,,https://jamurphygroup.com/
"6001 Walden Dr #1, Knoxville, TN 37919, USA",apartments,35.930252,-84.00023019999999,Crescent Bend Development,(865) 444-2145,ChIJhYAFyEgjXIgRvkRRuYrffPw,1,1,https://www.crescentbenddev.com/
"Knoxville, TN 37920, USA",apartments,35.9264921,-83.98104,Lakemoor Hills,,ChIJAQAAwCUjXIgRqwiWAOTtGqo,5,2,
"5410 Homberg Dr # 35, Knoxville, TN 37919, USA",apartments,35.9355332,-83.9915128,Apartment Association-Greater,(865) 588-8961,ChIJcXAcaTQjXIgRPT2apN7pZ-A,,,http://aagk.org/
"1511 Clinch Ave, Knoxville, TN 37916, USA",apartments,35.9598263,-83.9307321,The Knox Apartments,(865) 268-8333,ChIJC7nN9V49XIgR4UsL4IK2850,4.6,320,https://livetheknox.com/?utm_source=GoogleMyBusiness&utm_medium=organic&utm_campaign=GMB
"1105 Tree Top Way, Knoxville, TN 37920, USA",apartments,35.9368061,-83.9289228,The Woodlands,(865) 609-4034,ChIJ7TjPbv8XXIgRHc0o6kNjPa0,3.7,37,http://www.woodlandsofknoxville.com/contact/
"2136 Cumberland Ave, Knoxville, TN 37916, USA",apartments,35.953981,-83.938283,Union Knoxville,(865) 518-4479,ChIJ3csA-fM9XIgRWzeqTWcLPjA,4.5,160,https://www.unionknoxville.com/?switch_cls[id]=67805&utm_source=gmb&utm_medium=organic
"2240 Grand Ave, Knoxville, TN 37916, USA",apartments,35.9586728,-83.9423802,Society 865,(833) 432-1185,ChIJOclHDGE9XIgRbh6AKZHrP4U,3.7,328,https://society865.com/?utm_source=GoogleMyBusiness&utm_medium=organic&utm_campaign=GMB
"2223 Cumberland Ave, Knoxville, TN 37916, USA",apartments,35.9543495,-83.9401779,Nova Knoxville,(865) 459-0035,ChIJD9EmpIg9XIgRqPQt1_xQBBg,3.2,103,https://www.novaknoxville.com/?switch_cls[id]=68820
"465 W Blount Ave, Knoxville, TN 37920, USA",apartments,35.9505693,-83.9213118,Livano Knoxville,(865) 421-5684,ChIJI4Iw4cwXXIgRAUdHM625Fcw,4.9,37,https://www.livanoknoxville.com/?utm_medium=organic&utm_source=google&utm_campaign=gbp-website-button
"1640 Grand Ave APT 1101, Knoxville, TN 37916, USA",apartments,35.9618736,-83.9347093,The Commons at Knoxville,(865) 268-8256,ChIJmepfmZg9XIgRBYoMljVf39Q,3.8,556,https://commonsatknoxville.com/?utm_medium=organic&utm_source=google&utm_campaign=gbp-website-button
"901 Mountcastle St SW, Knoxville, TN 37916, USA",apartments,35.9544067,-83.937088,Slate at 901,(865) 328-7190,ChIJITv59F49XIgRxJSt7ZbT8XI,3.8,184,https://slateat901.com/?switch_cls[id]=98512
"112 S 17th St, Knoxville, TN 37916, USA",apartments,35.9614457,-83.93483650000002,Highland Grand Apartments,(833) 430-1125,ChIJkTpo_mA9XIgR8ZL9fSB4Ns8,4.2,138,https://www.highlandgrandapartments.com/?rcstdid=Mg%3D%3D-YRjTEizZPgM%3D
"2308 Forest Ave, Knoxville, TN 37916, USA",apartments,35.9576135,-83.9437161,University Walk,(865) 421-5802,ChIJl0Ecv0I9XIgR55gJInWij70,4.3,223,https://universitywalkknox.com/
"814 W Hill Ave, Knoxville, TN 37902, USA",apartments,35.95794619999999,-83.9212852,Maplehurst Park Apartments,(865) 525-1104,ChIJD8vdSt0XXIgRehKaAoHoWPQ,3.4,60,http://www.maplehurstparkapts.com/
"1319 Highland Ave, Knoxville, TN 37916, USA",apartments,35.9621089,-83.9290194,Highland Terrace Communities,(833) 313-4833,ChIJ04PD394XXIgRNlYu0wayvpQ,4,222,http://livehighlandterrace.com/
"700 Henley St, Knoxville, TN 37902, USA",apartments,35.9619191,-83.9209185,Church + Henley Apartments,(865) 213-5534,ChIJpWMtLDsXXIgR7eplyxmxqSc,4.9,90,https://www.churchandhenley.com/?utm_source=gmb&utm_medium=organic&lvcode=1128489
"2521 Kingston Pike, Knoxville, TN 37919, USA",apartments,35.95285,-83.944238,Tradition Knoxville,(844) 748-5497,ChIJIV67kl89XIgR82Olbn9T2f0,3.9,342,https://www.traditionknoxville.com/?utm_source=GoogleMyBusiness&utm_medium=organic&utm_campaign=GMB
"705 S 17th St, Knoxville, TN 37916, USA",apartments,35.9569267,-83.9327955,The Standard at Knoxville,(888) 912-7805,ChIJ0cbnrF89XIgR8hcDj6rp1bU,3.5,254,https://www.thestandardatknoxville.com/?utm_source=GoogleMyBusiness&utm_medium=organic&utm_campaign=GMB
"1830 Cumberland Ave Suite 103, Knoxville, TN 37916, USA",apartments,35.9551532,-83.93506599999999,TENN,(865) 459-0090,ChIJo9-3WV49XIgRMupati6-_DY,3.2,63,https://tennstudentliving.com/?switch_cls[id]=63820&utm_source=google%20-%20entratammb&utm_medium=organic&utm_campaign=gmb&utm_content=website%20click
"719 Locust St SW, Knoxville, TN 37902, USA",apartments,35.9614935,-83.9201899,The Tribute,(865) 545-0901,ChIJY9SkKa8XXIgROJCdql4a9tY,5,1,https://www.thetributeknox.com/
"603 W Main St, Knoxville, TN 37902, USA",apartments,35.9605847,-83.91961180000001,Medical Arts Building,(865) 766-2099,ChIJO0M6F8MXXIgRk8NwqFiMdfY,4.3,14,http://www.mabknoxville.com/
"1631 Laurel Ave, Knoxville, TN 37916, USA",apartments,35.9592549,-83.93296889999999,Barclay House,(865) 522-6987,ChIJ-8PLF2A9XIgRfEF8_c8rEvU,5,6,https://barclay.naiknoxville.com/
"1634 Laurel Ave, Knoxville, TN 37916, USA",apartments,35.9589804,-83.9329379,The Brighton,(865) 264-0699,ChIJ-3KVFmA9XIgRsjbBI8eJ8i8,5,1,http://brightonatlaurel.com/
"2223 Laurel Ave, Knoxville, TN 37916, USA",apartments,35.9564259,-83.9414542,Town-Site Apartments,(865) 206-2609,ChIJoQ2ZIl09XIgR2Py5EGBMdlw,5,3,
"1711 Cumberland Ave, Knoxville, TN 37916, USA",apartments,35.9564126,-83.93301,EVER Knoxville,(865) 421-5923,ChIJX6hTNgM9XIgRCOjA83XftSE,5,21,https://everknoxville.com/
"230 Flagship Way, Knoxville, TN 37920, USA",apartments,35.9536857,-83.91291799999999,Flagship Kerns Apartments,(888) 417-6030,ChIJfVS3I1kXXIgR5OHdwUAcJXg,4.4,170,https://www.flagshipkerns.com/?rcstdid=Mg%3D%3D-YRjTEizZPgM%3D
"2701 Sevier Ave, Knoxville, TN 37920, USA",apartments,35.9541996,-83.8963658,The Adelade Apartment Homes,(865) 252-0251,ChIJXQMwxpgXXIgRSu5LY7GsakM,4.4,137,http://www.theadeladeapartments.com/
"303 W Blount Ave, Knoxville, TN 37920, USA",apartments,35.9547408,-83.9174334,303 Flats,(865) 328-7036,ChIJ13bLo-kXXIgR0Bkuvp57ZNs,4.2,211,https://www.303flatsapts.com/?switch_cls[id]=25368&utm_source=google%20-%20entratammb&utm_medium=organic&utm_campaign=gmb&utm_content=website%20click
"1319 Knotty Pine Way, Knoxville, TN 37920, USA",apartments,35.954452,-83.9005147,The Heights of Knoxville,(865) 312-8100,ChIJ2ZXkiJcXXIgRHBopF9cIZVY,3.3,259,http://live-theheights.com/?utm_source=llm&utm_medium=organic&utm_campaign=local-listing
"906 Waterfront Dr, Knoxville, TN 37920, USA",apartments,35.9609517,-83.9052823,South Banks Apartments,(865) 409-5576,ChIJ7VJpbq0XXIgRYrEg2p1z8yg,4.7,24,http://www.southbanksknox.com/
"301 Woodlawn Pike, Knoxville, TN 37920, USA",apartments,35.9459329,-83.908228,Cherokee Ridge Apartments by Woodlawn Property LLC,(865) 573-2323,ChIJKTnCfZIXXIgRSqLMLQZmsRQ,4.5,33,http://www.cherokeeridgeapts.com/
"1701 Island Home Ave, Knoxville, TN 37920, USA",apartments,35.9596989,-83.8909989,River's Edge Apartments,(865) 225-9838,ChIJudMAlaAXXIgRbKOAc7c-XFA,3.6,73,http://riversedgeknox.com/
"301 Lippencott St, Knoxville, TN 37920, USA",apartments,35.9500939,-83.9062004,University Park,(865) 577-8700,ChIJJT5Wk5MXXIgR1jnc1iRfPvA,3.5,367,https://www.universityparkknoxville.com/?utm_source=llm&utm_medium=organic&utm_campaign=local-listing
"1642 Hillwood Dr, Knoxville, TN 37920, USA",apartments,35.9568018,-83.8931257,Hillwood Villas,(865) 230-1860,ChIJ21gR8KEXXIgRyTn_cfcgqwM,4,83,http://www.hillwoodvillas.com/
"221 E Blount Ave, Knoxville, TN 37920, USA",apartments,35.9555864,-83.9156969,One Riverwalk Apartments,(865) 459-0075,ChIJRZWARbwXXIgRuw6C2NVDg_g,3.3,44,https://www.oneriverwalkapartments.com/?switch_cls[id]=97692&utm_source=google+biz&utm_medium=organic&utm_campaign=gbp+lance
"2727 Fort Stanley Way, Knoxville, TN 37920, USA",apartments,35.9499282,-83.912384,Southside Flats,(865) 290-7874,ChIJ-44JzXIXXIgRdeRpDO8790w,3.4,51,http://www.southsideknox.com/
"2019 City Vista Way, Knoxville, TN 37920, USA",apartments,35.9573651,-83.9083627,City South Apartments,(865) 409-5681,ChIJ-c7aLL4XXIgR10TW0dNdSP4,3.7,15,https://www.citysouthknox.com/
"200 Highwood Ct, Knoxville, TN 37920, USA",apartments,35.9483432,-83.9103643,The Henley Apartments,(833) 909-2771,ChIJoWk7I-0XXIgRdHjHCP4couU,3.9,114,https://www.thehenleyapartments.com/?utm_source=GMB&utm_medium=organic
"222 E Blount Ave, Knoxville, TN 37920, USA",apartments,35.9546647,-83.9156354,The Davy,(865) 518-4101,ChIJ12dKaQsXXIgRsaZ5TqfHOaY,4.2,139,https://thedavyknox.com/?utm_source=gmb&utm_medium=organic&utm_campaign=gmb_listing&hyly_channel=pr&hyly_method=w
"904 Knotty Oak Way, Knoxville, TN 37920, USA",apartments,35.9526086,-83.90377869999999,Oak Crest Apartments,(865) 577-3526,ChIJAyT23JYXXIgRcWX0qkyMzT0,3.4,24,
"612 Gertrude Ave, Knoxville, TN 37920, USA",apartments,35.9567819,-83.906823,612 South Studios,(865) 409-5439,ChIJbRahlgAXXIgRCprazah8HAM,2.3,3,https://www.citysouthknox.com/floorplans
"3423 Sevier Ave, Knoxville, TN 37920, USA",apartments,35.946054,-83.89220730000001,Southland Square,(865) 573-6911,ChIJnVhZbZ0XXIgRHIR4gtdKHto,3.5,15,http://www.lhp.net/
"1837 Cherokee Bluff Dr, Knoxville, TN 37920, USA",apartments,35.9395484,-83.9351425,Cherokee Bluff Condominiums,(865) 573-2360,ChIJ0QyyR6siXIgRIuy9A9rD-BE,3.9,34,
"445 W Blount Ave, Knoxville, TN 37920, USA",apartments,35.952888,-83.9186028,CityView at Riverwalk,(865) 577-6955,ChIJ1-VlzegXXIgRngCRvBTxfYk,4.3,49,https://www.cityviewknoxville.com/
"121 Taliwa Ct B, Knoxville, TN 37920, USA",apartments,35.9405576,-83.908806,Chapman Square Apartments,(865) 573-1000,ChIJc5vbY4sXXIgRXrkfdykW9to,3.4,14,
"1201 Laurel Ave APT 205, Knoxville, TN 37916, USA",apartments,35.961454,-83.9271215,Laurel Villas Condominiums,(865) 500-5011,ChIJ3dyVmN4XXIgR6I5zC63YqlM,3.9,12,https://urehousing.com/property/laurel-villas-condominiums/
"107 Flenniken Ave, Knoxville, TN 37920, USA",apartments,35.9402628,-83.9115794,The Verandas,(865) 403-1381,ChIJ2RDApfQXXIgRxMgtCGuzhtQ,3.1,10,
"3001 River Towne Way, Knoxville, TN 37920, USA",apartments,35.9429563,-83.92569950000001,River Towne Condominiums,,ChIJ_1jRjPsXXIgRdJujkXNchBc,4.4,33,
"1201 Highland Ave, Knoxville, TN 37916, USA",apartments,35.962646,-83.9278751,Highland Avenue Apartments,,ChIJ39ZRToEXXIgRZqWkuYp_ya4,5,2,
"1700 Clinch Ave, Knoxville, TN 37916, USA",apartments,35.9579859,-83.933455,University Towers Condominiums,,ChIJtxAc3189XIgRHb2ZaafxBWg,3.2,43,
"1301 Bridge Ave, Knoxville, TN 37916, USA",apartments,35.9615633,-83.92872539999999,Prime Campus Housing - Tennessee,(865) 637-3444,ChIJNazAmd8XXIgRmiS3HQ76U_A,4.1,11,
"500 Flennwood Way, Knoxville, TN 37920, USA",apartments,35.9350471,-83.91367009999999,Flenniken Square Apartments,(865) 577-2599,ChIJraKe1B8YXIgR0w6dzRP2XIQ,2.9,9,https://www.ehmgmt.com/flenniken-square-apartments
"410 S 17th St, Knoxville, TN 37916, USA",apartments,35.9587336,-83.9334015,Fort Sanders Manor,(865) 525-1846,ChIJbV-2bmA9XIgREEWNLmtsop8,4,5,
"2718 Painter Ave SW, Knoxville, TN 37919, USA",apartments,35.95415819999999,-83.9493708,Kingston Place Student Condos,(865) 673-0236,ChIJy2G6OEE9XIgRwN-bec_JZX0,3.3,11,
"115 Flenniken Ave, Knoxville, TN 37920, USA",apartments,35.9400364,-83.91244259999999,Flenniken Landing,(865) 577-1980,ChIJl2_lmPQXXIgRvR8PEyoY-xs,4.8,13,https://flenniken.klf.org/
"2114 Sherrod Rd, Knoxville, TN 37920, USA",apartments,35.9544735,-83.9116961,Hidden Ridge Management,(865) 803-4076,ChIJHUPy0-oXXIgR2KyZhYUbuZw,4.5,34,http://hiddenridgeknoxville.com/
"2100 Wilson Rd Ste A, Knoxville, TN 37912, USA",apartments,35.9851718,-83.97215249999999,The Palmer,(865) 268-8985,ChIJq1gKIqs9XIgRl8zJPsKb4zw,4.1,103,http://www.livethepalmer.com/
"3807 Middlebrook Pike, Knoxville, TN 37921, USA",apartments,35.9638099,-83.9728403,Big Oak Apartments,(865) 637-1343,ChIJ90UrtR89XIgRO3kMfiSQ_2E,4.1,197,https://www.bigoakapts.com/big-oak-knoxville-tn
"5000 Western Ave, Knoxville, TN 37921, USA",apartments,35.9717596,-84.00280870000002,Cross Creek Apts.,(844) 971-2151,ChIJ-QQoJI48XIgRmDppW7Ym62U,4,130,http://www.crosscreekaptstn.com/
"5201 Western Ave, Knoxville, TN 37921, USA",apartments,35.97658699999999,-84.005318,Waterford Village Apartments,(865) 412-4634,ChIJDWDUC488XIgR3dsUjIrVhoI,4,62,https://www.waterfordvillagetn.com/?utm_source=GMB&utm_medium=organic
"2000 Wilson Rd, Knoxville, TN 37912, USA",apartments,35.9866739,-83.9725982,Bouldercrest Apartments,(865) 391-8786,ChIJc7Qvhqs9XIgR770yAGN3bIM,4.1,32,https://www.bouldercrestapartments.com/utm_knock=g
"4527 Lynnmont Rd, Knoxville, TN 37921, USA",apartments,35.9721974,-84.0122719,Breckenridge Apartments,(865) 599-0965,ChIJpfDZlZw9XIgRLYq6XAqVdaQ,4.2,21,http://randpropertymanagement.com/
"2020 Minnesota Ave, Knoxville, TN 37921, USA",apartments,35.9798493,-83.96259309999999,Lonsdale Homes,(865) 403-1350,ChIJQctpsgk9XIgRBSIO13kC6Z4,3.7,50,https://www.kcdc.org/housing/lonsdale-homes/
"2130 Wilson Rd, Knoxville, TN 37912, USA",apartments,35.9835158,-83.9724392,Carriage Hill Apartments,(865) 637-2236,ChIJpyy9-6o9XIgRycuepwP63Gc,3.7,57,http://www.smdproperty.com/resident-properties/carriage-hill-apartments/
"4000 Pleasant Ridge Rd #200, Knoxville, TN 37912, USA",apartments,35.9820404,-83.9748043,Meadowood Apartments,(865) 522-0801,ChIJMckL8f88XIgRTsNGi5MPmjM,3.7,42,https://aorealtycorp.com/702/meadowood-apartments-apartments-for-rent/knoxville/37912
"4109 Pleasant Ridge Rd, Knoxville, TN 37912, USA",apartments,35.9821165,-83.97705460000002,Pleasant Ridge Stables,,ChIJg0lUMNM9XIgRaqPmHtSlICs,5,3,https://www.pleasantridgestables.com/
"1800 Liberty St, Knoxville, TN 37921, USA",apartments,35.9642741,-83.96534559999999,Liberty View Apartments,(865) 268-8296,ChIJB_fhRw49XIgRSwHLNNpRZ3E,3,3,
"3200 Sutherland Vw Wy, Knoxville, TN 37919, USA",apartments,35.952143,-83.9713172,Sutherland Flats Apartments,(865) 633-8000,ChIJT_bwqsAXXIgRW7NBVYtI2ug,4,5,https://www.sutherlandflatsknox.com/
"801 Gate Ln, Knoxville, TN 37909, USA",apartments,35.93832320000001,-84.0160125,West Gate Terrace Apartments,(865) 584-9651,ChIJMYSbElUjXIgRv5ezY3-ldqY,2,42,http://westgaterox.com/
"612 Clyde St NW, Knoxville, TN 37921, USA",apartments,35.9655023,-83.9398733,Siegel Select Knoxville,(865) 419-3947,ChIJVR2CTGQ9XIgRiyDZrxZbxhA,3.8,277,https://www.siegelselect.com/apartments-in-tennessee/
"112 E 5th Ave, Knoxville, TN 37917, USA",apartments,35.97393539999999,-83.9206775,5th Avenue Apartments,(865) 659-0637,ChIJ47lAzP8XXIgR0rxfKVedeII,5,1,https://5thplaza.naiknoxville.com/
"1621 Jourolman Ave, Knoxville, TN 37921, USA",apartments,35.9753159,-83.94869539999999,Western Heights,(865) 403-1420,ChIJj-Qhpnc9XIgR__-w6Zc59Qk,3.7,41,https://www.kcdc.org/housing/western-heights/
"200 W Jackson Ave, Knoxville, TN 37902, USA",apartments,35.9693031,-83.91953749999999,JFG Flats,(865) 364-0901,ChIJu2x8l88XXIgRCTY_os2dJGM,4.4,14,http://jacksoncentralgroup.com/
"1171 Armstrong Ave, Knoxville, TN 37917, USA",apartments,35.9846629,-83.9247579,Guy B. Love Towers,(865) 403-1360,ChIJRfKIIywWXIgRbuwt1yk_Qvg,3.6,64,https://www.kcdc.org/housing/guy-b-love-towers/
"101 E 5th Ave, Knoxville, TN 37917, USA",apartments,35.9745305,-83.9214296,Knoxville High Apartments,(865) 338-4207,ChIJtZmX980XXIgRzlplYv7pFhc,4.1,40,https://knoxhighapartments.com/
"2216 Ridgebrook Ln #20, Knoxville, TN 37921, USA",apartments,35.9707681,-83.9493814,Ridgebrook Apartments,(865) 523-7771,ChIJTdbVXHI9XIgRvh0WOHVtAGk,3.1,168,http://www.lhp.net/
"116 S Gay St #1003, Knoxville, TN 37902, USA",apartments,35.9684581,-83.9201897,Sterchi Lofts LLC,(865) 673-6300,ChIJffq3888XXIgRkinDLp5mNMc,4.1,51,http://www.sterchilofts.com/
"118 W Jackson Ave, Knoxville, TN 37902, USA",apartments,35.9697804,-83.9187899,The Daniel on Jackson,(865) 264-0699,ChIJI6OLps8XXIgRmKtFSmlnuw0,4.4,7,http://thedanielonjackson.com/
"222 N Central St, Knoxville, TN 37917, USA",apartments,35.9716588,-83.91903889999999,White Lily Flats,(865) 971-3137,ChIJp7zaV84XXIgRFI2ZUePMi-g,2.8,6,http://whitelilyflats.com/
"201 Locust St, Knoxville, TN 37902, USA",apartments,35.9661776,-83.92318759999999,Summit Towers,(865) 525-5069,ChIJi9_D5NoXXIgR3Wd2Fn4ws88,3,42,https://summit-towers.com/
"300 State St, Knoxville, TN 37902, USA",apartments,35.9671969,-83.917352,Marble Alley Lofts,(865) 503-4293,ChIJUxzQ6sUXXIgRonVEghbUyoA,4.7,207,https://www.marblealleylofts.com/?rcstdid=Mg%3D%3D-YRjTEizZPgM%3D&utm_source=google+biz&utm_medium=organic
"970 Riverside Forest Way, Knoxville, TN 37915, USA",apartments,35.964372,-83.904844,The Landings,(865) 268-8380,ChIJCVTnGbkXXIgRnADEgJ7rpsQ,4.1,109,https://www.thelandingsknoxville.com/?switch_cls[id]=25368&utm_source=google%20-%20entratammb&utm_medium=organic&utm_campaign=gmb&utm_content=website%20click
"811 Evolve Wy, Knoxville, TN 37915, USA",apartments,35.9668801,-83.90653089999999,811 East Downtown Apartments,(865) 346-3822,ChIJtYjZ57kXXIgR1GK56kcdV2M,4.6,140,https://www.southwoodrealty.com/community/811-east-downtown/?utm_knock=g
"1250 Elston Turner Dr, Knoxville, TN 37915, USA",apartments,35.9723069,-83.9070293,First Creek at Austin,(865) 357-2348,ChIJkTn-arcXXIgR37vgVxg10pI,4.3,40,https://www.firstcreekliving.com/
"215 Florida St, Knoxville, TN 37915, USA",apartments,35.9725935,-83.9139841,Yardley Flats Apartments in Knoxville,(865) 217-2516,ChIJnxaXrNkXXIgRlvDEaYyJNGM,4.7,36,https://apartmentsdowntownknoxville.com/
"1100 Lula Powell Dr, Knoxville, TN 37915, USA",apartments,35.9693523,-83.9087478,The 1100 Studio Apartments,(865) 525-1262,ChIJGecSo7cXXIgR7LwTDqYuBa4,3.5,240,http://www.lhp.net/
"957 E Hill Ave, Knoxville, TN 37915, USA",apartments,35.9695019,-83.90732679999999,The Vista At Summit Hill,(865) 403-1300,ChIJD8j7arcXXIgRiuHAnTwc6cU,3.4,23,https://www.kcdc.org/housing/the-vista/
"2061 Bethel Ave, Knoxville, TN 37915, USA",apartments,35.9769024,-83.8955816,The Residences at Five Points,(865) 403-1390,ChIJhUGe6RwXXIgRpHiwzqoBArQ,4.4,22,https://www.kcdc.org/housing/the-residences-at-five-points
"320 S Hall of Fame Dr, Knoxville, TN 37915, USA",apartments,35.9677134,-83.912999,Pinnacle Park Apartments,(865) 523-9303,ChIJ59wnn8gXXIgRrcY1DZZHP_o,3.7,83,http://www.lhp.net/
"1904 Natchez Ave SE, Knoxville, TN 37915, USA",apartments,35.9673241,-83.8964719,Holston Oaks Apartments.,(865) 523-1731,ChIJi3fBtagXXIgR9RuoQnTrcOY,3.4,41,http://aamci.com/
"1515 Isabella Cir, Knoxville, TN 37915, USA",apartments,35.9660623,-83.90316910000001,Isabella Towers,(865) 403-1340,ChIJS5r7i7oXXIgRQujrqHiwQvQ,2.7,154,https://www.kcdc.org/housing/isabella-towers/
"381 McConnell St, Knoxville, TN 37915, USA",apartments,35.9782866,-83.89632069999999,Five Points,(865) 403-1390,ChIJf1W-v94XXIgRRKBPVHJGbRQ,3.8,68,https://www.kcdc.org/housing/five-points-2-and-3/
"215 Willow Ave SE, Knoxville, TN 37915, USA",apartments,35.9701705,-83.9176123,Stockyard Lofts,(865) 383-1117,ChIJNerVMcQXXIgRO2VcEdx93TA,4.3,24,https://www.stockyardlofts.com/
"549 McConnell St, Knoxville, TN 37915, USA",apartments,35.9761694,-83.8948606,The Residences at Eastport,(865) 403-1390,ChIJrR6Sxt4XXIgRl3_Fe-sv8eo,4.9,9,https://www.kcdc.org/housing/the-residences-at-eastport/
"Moses Ave, Knoxville, TN 37921, USA",apartments,35.9694535,-83.9394926,Mechanicsville,(865) 403-1350,ChIJUwJnZKE9XIgRymISkS2FHAg,5,1,https://www.kcdc.org/housing/mechanicsville/
"400 McConnell St, Knoxville, TN 37915, USA",apartments,35.9783795,-83.89419439999999,Five Points,(865) 247-6435,ChIJRdyUUlMWXIgRMa_ppTwztg8,3.6,47,https://www.kcdc.org/housing/five-points-2-and-3/
"1311 Bertie Rand St, Knoxville, TN 37920, USA",apartments,35.9532148,-83.8979698,South Ridge Apartments,(865) 609-2144,ChIJTbuVVZgXXIgR2pXj224Tf7Y,3,4,https://www.ehmgmt.com/2-cliffside-drive
"1451 Blake Hill Way, Knoxville, TN 37920, USA",apartments,35.9555424,-83.8989502,The Heights Apartments,,ChIJmbHfA48XXIgRGmmmbDhAkHM,3,7,https://live-theheights.com/
"1800 Linden Ave, Knoxville, TN 37917, USA",apartments,35.9781408,-83.90499729999999,Morningside Gardens Apartments,(865) 523-4133,ChIJM3QFtkwWXIgRmFpoMY0cnt0,2.4,23,http://www.morningsidegardensapts.com/
"112 S Gay St, Knoxville, TN 37902, USA",apartments,35.9686055,-83.9203516,The Emporium Condominiums,(865) 505-1466,ChIJAT2pEssXXIgR1lYTUoG-aN8,3.5,2,https://emporiumlofts.com/
"202 W Jackson Ave, Knoxville, TN 37902, USA",apartments,35.9691091,-83.91995949999999,Fire Street Lofts,(865) 342-6342,ChIJT6Qhls8XXIgR_5oBS7CZj8c,5,3,http://www.firestreetlofts.com/
"405 E 4th Ave, Knoxville, TN 37917, USA",apartments,35.9763692,-83.9198947,Monday Apartments,(865) 525-5191,ChIJKxjIoc0XXIgRfgZ_Mw-cjkw,4,1,
"320 Hall of Fame Dr, Knoxville, TN 37915, USA",apartments,35.9682144,-83.91373349999999,Arbor Place Apartments,,ChIJGUNF1scXXIgR-012a1KaWSY,3.8,18,
"2040 Dandridge Ave, Knoxville, TN 37915, USA",apartments,35.971584,-83.89452399999999,Morningside Hills Partners,,ChIJDZ8vTqkXXIgRLQwCcOse36c,2.4,14,
"1311 Bertie Rand St, Knoxville, TN 37920, USA",apartments,35.9537413,-83.8978162,One South Place Apartments,(865) 609-2144,ChIJQ68bVJgXXIgRvphb8XkUQcE,5,5,
"3219 River Maple Way, Knoxville, TN 37914, USA",apartments,35.9749221,-83.8635548,Riverview Park,(865) 524-2990,ChIJVT0wKGEXXIgR-C0Nj8q8Wmg,5,1,https://www.sundancemanagement.com/listing/riverview-park-apartments#hero
"2300 Davenport Rd, Knoxville, TN 37920, USA",apartments,35.95584830000001,-83.9062684,The Scene at 2300,(865) 347-2485,ChIJvRHM9oAzXIgRZHTVMIRq9m8,3.7,3,https://thesceneat2300.naiknoxville.com/
"2901 Legacy Pointe, Knoxville, TN 37921, USA",apartments,35.99880539999999,-84.0202633,Legacy Pointe Apartments,(865) 938-5999,ChIJY2tIc4k7XIgRPCguRuT0Wpo,4,152,https://www.legacypointeknoxapts.com/
"5237 Tillery Dr, Knoxville, TN 37912, USA",apartments,35.9991493,-83.9847157,North Park,(865) 344-5999,ChIJRc57CEY8XIgRw9rfVZ_Ah0I,3.6,166,https://www.northparkknoxville.com/?utm_source=GBP&utm_medium=GBP&utm_campaign=2025
"6331 Pleasant Ridge Rd, Knoxville, TN 37921, USA",apartments,35.9980451,-84.0182005,Autumn Landing,(865) 403-1422,ChIJORtoqYk7XIgRcvLnGlQNodk,3.9,76,https://www.kcdc.org/housing/autumn-landing/
"4829 Maple Sunset Way, Knoxville, TN 37912, USA",apartments,36.0144195,-83.957405,Maple Sunset Apartments,(865) 599-0965,ChIJhTp7xtw9XIgR3SmGD2VheoQ,4.3,64,https://sites.google.com/randpropertymanagement.com/maple-sunset-apartments/home
"2401 Sunrise Ridge Way, Knoxville, TN 37921, USA",apartments,35.9989561,-84.0223951,Sunrise Ridge Apartments,(865) 345-5708,ChIJF8kyE7k7XIgRY100u6Drbi8,3.6,70,https://www.sunriseridgeknox.com/
"1716 Merchant Dr, Knoxville, TN 37912, USA",apartments,35.9983614,-83.98692899999999,Clear Springs Apartments,(865) 688-4673,ChIJFcgFzkU8XIgR7SFG_h8Hgw4,4.3,23,http://www.lhp.net/
"600 E Inskip Dr, Knoxville, TN 37912, USA",apartments,36.0118026,-83.9581603,Canyon and Knox Landing Apartments,(865) 421-5849,ChIJZd0oZMM9XIgR6se7L6PPuwA,3.7,107,https://www.canyonandknox.com/
"4700 Schubert Rd, Knoxville, TN 37912, USA",apartments,36.0040965,-83.9683225,Pine Ridge Apartments,(865) 688-6991,ChIJX0oEAbY9XIgRX_XrbNBpj6o,4,61,https://www.pineridgeknoxville.com/pine-ridge-knoxville-tn
"4755 Romeo Wy, Knoxville, TN 37912, USA",apartments,36.0139198,-83.95509369999999,Inskip Flats,(865) 249-6874,ChIJIVn-0ls9XIgRVErwebuHEkY,3.8,17,https://www.ehmgmt.com/inskip-flats-knoxville-tn
"6313 Clinton Hwy, Knoxville, TN 37912, USA",apartments,36.00830029999999,-84.00621509999999,Altitude at 6313,(865) 253-7109,ChIJi0yZNu49XIgRMY2SjEf-tf4,4.4,18,
"1230 Cassell Valley Way, Knoxville, TN 37912, USA",apartments,35.996986,-83.9591731,Cassell Ridge Apartments,(865) 357-2712,ChIJ26tX8bs9XIgRNinCK8TJrwc,4,49,https://cassellridgeapts.com/
"4506 Hutton Rd, Knoxville, TN 37912, USA",apartments,36.0100523,-83.956329,Flats at Hutton,(423) 531-3124,ChIJ0zn-G5I9XIgRrwSHW1oTLKE,5,9,https://flatsathutton.weebly.com/
"4501 Tillery Dr, Knoxville, TN 37912, USA",apartments,35.9976566,-83.9700479,Rand at Tillery,(865) 689-4112,ChIJo1K867M9XIgRj9K_kQm3clI,3,79,https://www.randpropertymanagement.com/
"2300 Merchant Dr, Knoxville, TN 37912, USA",apartments,35.9950122,-83.99198310000001,Willow Creek Apartments,(865) 688-3544,ChIJQ01YU0I8XIgRGKTeMNIx0E8,3.2,22,http://www.ismrem.com/
"1307 Wilson Rd G3, Knoxville, TN 37912, USA",apartments,35.9958477,-83.96961759999999,Knob Hill Apartments,(865) 689-7943,ChIJ0Q2FY7E9XIgRqrHU6LIFo1o,3.4,15,
"4123 Whistlers Way, Knoxville, TN 37918, USA",apartments,36.0073648,-83.95167049999999,Castle Terrace Apartments,(423) 531-3124,ChIJc6aUIuo9XIgRvjou8uN7xLQ,4.6,23,https://castleterraceapartments.weebly.com/
"3782 Decoration Way, Knoxville, TN 37912, USA",apartments,35.9938926,-83.99669999999999,Grosvenor Square,(865) 252-5820,ChIJn102_wU9XIgRFq1LA2r4OPc,3.8,8,https://www.dgaresidential.com/
"5700 Pleasant Ridge Rd, Knoxville, TN 37912, USA",apartments,35.9926523,-84.0030518,Creek Ridge Apartments,(865) 525-3936,ChIJqVCKmWU8XIgRXL4PlrYaKs0,3.2,33,http://creekridgeapartments.com/
"4800 Scheel Rd, Knoxville, TN 37912, USA",apartments,36.0132082,-83.9593606,Scheel Townhomes,(865) 803-4076,ChIJzaO9s8Q9XIgRAzbxK-kAYXU,5,1,http://hiddenridgeknoxville.com/
"3212 Joyce Ave, Knoxville, TN 37921, USA",apartments,35.965103,-83.96455,Westview Apartments,(844) 523-8024,ChIJyVfgw4s9XIgRCox96_c1_08,3.8,4,
"4510 Fennel Rd, Knoxville, TN 37912, USA",apartments,36.0076048,-83.9613344,Central Terrace Apartments,(865) 293-2843,ChIJ_ev1OgA9XIgRcCyDpDgz7Ws,3.5,12,https://www.ehmgmt.com/central-terrace-apartments-knoxville-tn
"2050 Edgeview Way, Knoxville, TN 37918, USA",apartments,36.0147337,-83.928342,Hillside Place,(865) 674-9526,ChIJwbNh_gIWXIgRjs2yvNDBovo,3.6,42,http://hillsideplaceknox.com/
"3930 Summercrest Way, Knoxville, TN 37918, USA",apartments,36.0065197,-83.94639529999999,Summercrest Apartments,(865) 927-3307,ChIJ04oURew9XIgR63Bdc4JEtvI,4.8,12,https://www.summercrestapts.com/?utm_knock=g
"712 Breda Dr, Knoxville, TN 37918, USA",apartments,36.0057424,-83.9473891,North Ridge Crossing,(865) 403-1320,ChIJa7L5V-o9XIgRq6uLXue9psA,3.8,42,https://www.kcdc.org/housing/north-ridge-crossing/
"4013 Peaks Landing Way, Knoxville, TN 37918, USA",apartments,36.0092874,-83.936285,The Peaks of Knoxville,(865) 290-7382,ChIJRa1N0fY9XIgRECByqk7sc6w,3.1,35,https://www.peaksofknoxville.com/?utm_knock=g
"4301 Whittle Springs Rd, Knoxville, TN 37917, USA",apartments,36.01406,-83.919601,Northgate Terrace,(865) 403-1400,ChIJN9EMpg8WXIgR5GMhnEuFzBg,3.5,43,https://www.kcdc.org/housing/northgate-terrace/
"1810 Rocky View Way, Knoxville, TN 37918, USA",apartments,36.0112094,-83.9341652,Rocky View Apts,(865) 689-8580,ChIJKaboovc9XIgRYUu8jOqfKZg,3.2,89,
"4301 Whittle Springs Rd, Knoxville, TN 37917, USA",apartments,36.014059,-83.9196035,The Manor at Northgate Terrace,(865) 403-1410,ChIJv3OI_w4WXIgRG9XtaHEiOOU,3.2,13,https://www.kcdc.org/housing/the-manor-at-northgate-terrace/
"4415 Whittle Springs Rd, Knoxville, TN 37917, USA",apartments,36.0147119,-83.9198028,Whittle Springs Apartments,(865) 688-3700,ChIJRQ5IraEXXIgR3Uyaep2IKP8,3.5,8,https://www.hurdapts.com/community/8/WhittleSpringsApartments
"4530 Holston Dr, Knoxville, TN 37914, USA",apartments,36.0028815,-83.8651119,Burlington Commons,(865) 766-5823,ChIJ5fbYnPEXXIgRgm3rw5sOCLw,4.6,11,http://www.ehmgmt.com/burlington-commons-knoxville-tn
"4617 Asheville Hwy, Knoxville, TN 37914, USA",apartments,36.0054797,-83.8575669,The Ammons at Ashville,(865) 200-4399,ChIJL8TpY6MXXIgRgzShZqw0pjQ,3.5,22,https://www.ehmgmt.com/the-ammons-at-asheville-hwy
"Knoxville, TN 37914, USA",apartments,36.0034187,-83.85707310000001,The Village at Holston Place,(865) 637-1679,ChIJ6XrhlUYXXIgRj14i8G_DaKs,4.3,7,
"1508 McCroskey Ave A, Knoxville, TN 37917, USA",apartments,35.9921574,-83.9185627,Broadway Towers Apartments,(865) 524-4092,ChIJk4m1uzsWXIgRhogXjssf64M,3.3,25,https://mansermar.com/our-communities/broadway-towers/
"4628 Holston Dr #21, Knoxville, TN 37914, USA",apartments,36.0028194,-83.8618573,Stratford Arms Apartments,(865) 524-9115,ChIJyQWMYLkWXIgR6-zLfYIbTqU,4.3,3,
"235 Carta Rd Apt G4, Knoxville, TN 37914, USA",apartments,36.0083714,-83.8586282,Sunset Rill Apartments,(865) 523-4922,ChIJXXw0rroWXIgRHUlDQwpLnIk,2.6,36,http://sunsetrillapartment.com/
"3526 Fairmont Blvd #1656, Knoxville, TN 37917, USA",apartments,36.016136,-83.9025702,Fairmont Heights Apartments,(865) 219-9000,ChIJI-60LHcWXIgRD59NcLRtNlw,3.6,5,
"399 S Central St, Knoxville, TN 37902, USA",apartments,35.96682,-83.9167614,Marble Alley Lofts - Loading Dock,,ChIJbQNhv3sXXIgRtPtNYwzX5j0,5,1,https://www.marblealleylofts.com/
"132 W Jackson Ave, Knoxville, TN 37902, USA",apartments,35.96949,-83.91925359999999,The House Scout,(865) 591-1121,ChIJo2Fan88XXIgR6o-eDnpOMi0,5,100,https://homeinspectorsknoxvilletn.com/
"4420 Whittle Springs Rd, Knoxville, TN 37917, USA",apartments,36.015524,-83.919266,Asset Realty Management,(865) 247-0027,ChIJ0ThVEQ8WXIgRRkgAUgmJcS0,4.1,446,http://armtn.com/
"520 W Summit Hill Dr SW #603, Knoxville, TN 37902, USA",apartments,35.9651425,-83.9219165,Partners Development,(865) 524-7777,ChIJ7S3GwMQXXIgRg2FBkD4bX-U,5,10,https://partnersinfo.com/
"900 S Gay St # 1600, Knoxville, TN 37902, USA",apartments,35.9616725,-83.91541029999999,Lawler Wood LLC,(865) 637-7777,ChIJeSxARcEXXIgRsA6LjczKuy4,3.7,3,http://www.lawlerwood.com/
"5845 E Governor John Sevier Hwy, Knoxville, TN 37924, USA",apartments,36.0118009,-83.82709609999999,St Mary's Riverview I & II,(865) 523-2834,ChIJ91pr410RXIgR-2K1I8z6Pzo,4.1,15,https://www.mercyhousing.org/southeast/st-marys-riverview-ii/
"5101 Asheville Hwy, Knoxville, TN 37914, USA",apartments,36.0075476,-83.8501272,Holston Place Apartments,(931) 526-5188,ChIJRygCSGkXXIgRMHiSNhKEB9g,2,9,
"1109 Beaman Lake Rd, Knoxville, TN 37914, USA",apartments,35.9921642,-83.866517,Golden Age Retirement Village,(865) 637-3470,ChIJSfXEOMIWXIgRqNqjjNr8zYk,4.3,18,
"7401 Vintage Pointe Way, Powell, TN 37849, USA",apartments,36.0402026,-84.0104113,Vintage at Emory Road Apartments,(833) 321-3522,ChIJk6JLWNo7XIgRff731y5ZdmQ,4.7,259,https://www.vintageemoryroad.com/?rcstdid=Mg%3D%3D-YRjTEizZPgM%3D
"614 Cedar Ln #2, Knoxville, TN 37912, USA",apartments,36.0184575,-83.9638868,Windsor Court,(833) 257-2493,ChIJuXUZHto9XIgR1RxDI036FOY,4.1,209,http://livewindsorcourt.com/
"701 Cedar Ln, Knoxville, TN 37912, USA",apartments,36.0202155,-83.96484129999999,Kinley Lofts,(865) 813-8558,ChIJaaMZW9c9XIgR9-Cb8EcTlkM,3.7,125,https://www.livekinleylofts.com/
"Sterchi, Ridge Way, Knoxville, TN 37918, USA",apartments,36.0270058,-83.9688438,Sterchi Ridge Apartment Homes,(865) 688-9903,ChIJdwygHlk_XIgRyV4W-aIzD_k,4.1,16,
"501 Tiger Way, Knoxville, TN 37918, USA",apartments,36.041832,-83.99066169999999,Evergreen at the Bluffs,(865) 432-1216,ChIJCw_vsfI-XIgRREwxhf0CONQ,4,88,https://www.evergreenatthebluffs.com/?utm_knock=g
"5800 Central Ave Pike, Knoxville, TN 37912, USA",apartments,36.0179441,-83.9777787,Steeplechase Apartment Homes,(865) 353-4814,ChIJs8kEFCw8XIgR4NCiARoU0MM,2.4,273,https://steeplechaseknoxville.com/?utm_knock=g
"1511 Callahan Dr, Knoxville, TN 37912, USA",apartments,36.017473,-84.013302,Callahan Flats on the Ridge,,ChIJV_AvYgA9XIgRvlhg_S0nqz8,3.7,3,
"1209 Cedar Ln 116 37912, Knoxville, TN 37912, USA",apartments,36.024934,-83.955928,Nottingham North Apartments,(865) 688-3700,ChIJrQfvd3U-XIgREGm1j1MWFns,3,21,http://www.hurdapts.com/Nottingham-North-Apartments-n37512.html
"5004 Willoway Dr, Knoxville, TN 37912, USA",apartments,36.0198805,-83.9594391,Rand Willoway,(865) 253-7119,ChIJzbf-3h49XIgRa60gbZPop7Y,3.1,19,http://randpropertymanagement.com/
"1008 W Parkway Ave, Knoxville, TN 37912, USA",apartments,36.0206454,-83.9588081,Rand Parkway,(865) 253-7119,ChIJKdsRxCM9XIgRnxtO19qYYec,,,http://www.randpropertymanagement.com/
"117 Sylvia Dr, Knoxville, TN 37912, USA",apartments,36.0086453,-83.9647375,Rand Sylvia,(865) 253-7119,ChIJSUU6qYk9XIgRFDxwTzRalWA,,,
"7470Top, Hat Way, Powell, TN 37849, USA",apartments,36.0354296,-84.0070855,Blueberry Ridge Apartments,(865) 947-2787,ChIJq6qqqjo5XIgRvjXRws_lIxA,4.4,8,
"5005 Inskip Rd, Knoxville, TN 37912, USA",apartments,36.0202029,-83.9538646,Williamsburg Village,(865) 688-7531,ChIJzQHcIt49XIgRxPLuvpn-6kw,3,15,http://williamsburgrox.com/
"634 E Inskip Dr, Knoxville, TN 37912, USA",apartments,36.0128568,-83.9565444,Mel’s Apartment,,ChIJsfAvHgA9XIgRdEOz03QDfAk,,,
"3840 Ivory Gables Way, Knoxville, TN 37912, USA",apartments,35.9861957,-83.9689604,Wilson Village Apartments,(865) 525-0103,ChIJJ4iA4qs9XIgR60MwInHP6jQ,2,8,
"1210 Mystic River Way, Knoxville, TN 37912, USA",apartments,35.9934555,-83.9633094,Holston Ridge Apartments,,ChIJz-gGZAA9XIgRAbgmCNPYemE,2,1,
"2202 Adair Dr, Knoxville, TN 37918, USA",apartments,36.0207103,-83.9352037,Park at Fountain City,(865) 412-4186,ChIJSb9Wu_49XIgRvsiG4wpY6ks,3.3,302,https://www.theparkatfountaincity.com/?utm_source=GBP&utm_medium=GBP&utm_campaign=2025
"5518 Peyton Pl NE, Knoxville, TN 37918, USA",apartments,36.0403352,-83.93052829999999,The Village,(865) 688-7531,ChIJn92qk_UVXIgRBgr-c-T-Cis,3.9,7,https://villagerox.com/
"176 Hiawassee Ave, Knoxville, TN 37917, USA",apartments,35.9964093,-83.9488354,Hiawassee Square Apartments,(865) 525-9007,ChIJ87GDuZY9XIgRDhwS-UJ4G0w,5,4,https://www.ehmgmt.com/hiawassee-square-knoxville-tn
"206 Dahlia Dr, Knoxville, TN 37918, USA",apartments,36.0377822,-83.93841549999999,Brighton Manor Apartments,,ChIJi6dV5rI_XIgRC863_JKZck4,5,2,https://brightonmanor.naiknoxville.com/
"500 Knox Rd, Knoxville, TN 37918, USA",apartments,36.0341115,-83.93457810000001,Fountain City Apartments LLC,(865) 687-2324,ChIJk1QxUeQVXIgRTN3s_bvnbwY,3.4,9,http://www.fountaincityapts.com/
"3305 Tazewell Pike, Knoxville, TN 37918, USA",apartments,36.0302393,-83.9191295,The Cove on Tazewell,(423) 531-3124,ChIJf2SAi08VXIgRFfrlcjrDX4o,4,5,
"322 Forestal Dr, Knoxville, TN 37918, USA",apartments,36.0253278,-83.9199186,Covenant Village Apartments,(865) 689-6115,ChIJpYij2-IVXIgRQEo-YA_SyPY,3.5,12,http://www.lhp.net/
"3101 Washington Ridge Way, Knoxville, TN 37917, USA",apartments,36.022558,-83.8857542,Spring Meadow,(865) 544-8317,ChIJcXlsZ24WXIgRe9hlDTWPStY,4.1,66,https://www.springmeadowknoxville.com/?utm_source=GBP&utm_medium=organic
"3610 Lyons Way, Knoxville, TN 37917, USA",apartments,36.0198927,-83.90754989999999,Meadowbrook Apartments,(865) 673-8314,ChIJiWwK23UWXIgRqlnqFLjXvDI,3.2,13,http://www.lhp.net/
"3504 Oak Branch Cir, Knoxville, TN 37917, USA",apartments,36.0192795,-83.9066017,Valley Oaks,(865) 403-1320,ChIJwaR3yXUWXIgRP7BLNlavDyw,2.9,17,https://www.kcdc.org/housing/valley-oaks/
"2050 Edgeview Way, Knoxville, TN 37918, USA",apartments,36.01468819999999,-83.9283487,Edgeview Heights Apartments,(865) 281-0067,ChIJOfo4VCoXXIgREDBIk4mq_bc,,,https://edgeviewheights.com/
"2809 Valley View Dr NE, Knoxville, TN 37917, USA",apartments,36.0143757,-83.9153944,Flats at the View,(865) 293-6560,ChIJ-zEJQCMXXIgRkpfGVul-m90,,,https://dkmanagement.net/
"2700 Emerald Green Way, Knoxville, TN 37917, USA",apartments,36.02820010000001,-83.87237619999999,Emerald Knoxville,(865) 213-5473,ChIJDRj6OQAVXIgR8KuhDgKzVyQ,4.9,44,http://2tour.site/qwa/q2jb
"4616 Blue Diamond Wy, Knoxville, TN 37917, USA",apartments,36.0275471,-83.8842059,The Jewel at Washington Pike,(865) 213-3347,ChIJUXdzaCkXXIgRuNfWJtf7tWA,4.4,45,http://2tour.site/p89/o7vc
"5206 Village Crest Way, Knoxville, TN 37924, USA",apartments,36.0352985,-83.8798899,Eastowne Village Apartments,(865) 522-2120,ChIJayvpvDAUXIgRdmqpqjT_l9Q,3.1,29,http://www.eastownevillage.com/
"5570 Swallowtail Ln, Knoxville, TN 37924, USA",apartments,36.03033569999999,-83.8554085,Alden North Knoxville,(865) 745-8682,ChIJqbYdAmgVXIgRVV2BXAxGPFg,4.8,30,https://www.aldennorthknoxville.com/?utm_knock=gmb&utm_source=google+biz&utm_medium=organic&utm_campaign=gbp+lance
"4452 Maud Booth Way, Knoxville, TN 37917, USA",apartments,36.0214518,-83.8849522,VOA Home | Maud Booth Gardens,(865) 546-7090,ChIJ1Wv3ESoUXIgR3d8CM81vHY4,4.4,17,https://www.voamid.org/services/housing/
